Title,Company,Location,Description,Link
Jr. Data Scientist AI,"QTC Management, Inc.","San Antonio, TX","Job DetailsDescriptionThe Leidos QTC Health Services CTO team is seeking motivated and talented Jr. Data Scientists AI to join our dynamic team in support of the company‚Äôs overall IT modernization and corporate growth goals. As a Data Scientist AI, you will play a pivotal role in developing and implementing innovative AI solutions to drive business growth and improve operational efficiency.Hybrid/remote opportunities are available for candidates located or willing to be located within 2 hours driving distance of the following locations:San Antonio, TXOrlando, FLSan Dimas, CASan Diego, CAGaithersburg, MDColumbia, MDMinneapolis, MNReston, VAThe Leidos QTC Health Services CTO‚Äôs team has been charged with assessing our current capabilities and doing two things: One, find ways to leverage these capabilities with new customers and markets. Two, bring in new technology to make existing processes better (e.g., more efficient, more secure), or to bring in capabilities that are not part of our core that will benefit the company and its customers. This will be achieved in short, proof of concept projects that align to a larger roadmap of technical or contractual capabilities. The proof of concepts will take place in a pre-production environment but will include a path to production should the project prove valuable to the company. This is a great opportunity to learn about Leidos QTC Health Services and provide innovative thought into growing the company.Primary Responsibilities:Data Analysis and Exploration: Conduct in-depth data analysis to uncover valuable insights, identify patterns, and extract actionable information.Machine Learning Model Development: Develop and deploy machine learning models, including deep learning architectures, to address complex business problems.AI Solution Design: Design and implement AI-powered solutions that solve real-world challenges and deliver measurable value.Data Engineering: Collaborate with data engineers to ensure data quality, consistency, and accessibility for AI projects.Algorithm Evaluation and Optimization: Continuously evaluate and optimize AI models to improve performance and accuracy.Research and Development: Stay up-to-date with the latest advancements in AI and machine learning to drive innovation.Basic Qualifications:Bachelor's degree in Computer Science, Data Science, Statistics, or a related field w/ 0-2 years of related experience. (A combination of education/experience may also be considered)Strong foundation in machine learning algorithms, data mining techniques, and statistical modeling.Proficiency in programming languages such as Python, R, or Julia.Experience with popular machine learning frameworks like TensorFlow, PyTorch, or Scikit-learn.Familiarity with cloud platforms (e.g., AWS, GCP, Azure) and cloud-based machine learning services.Excellent problem-solving, analytical, and communication skills.Ability to work independently and as part of a collaborative team.Must be able to successfully pass National Agency Check with Inquiries (NACI) background investigation.Preferred Qualifications:Experience with natural language processing (NLP), computer vision, or reinforcement learning.Knowledge of big data technologies (e.g., Hadoop, Spark).Contributions to open-source AI projects or publications.What We Offer:Starting salary range: $65,000 - $80,000 w/ up to 7% bonus eligibilityCompetitive salary and benefits packageOpportunities for professional growth and developmentA collaborative and supportive work environmentCutting-edge technology and resourcesPay and benefits are fundamental to any career decision. That's why we craft compensation packages that reflect the importance of the work we do for our customers. As a result, we offer meaningful and engaging careers to support you and your career goals, all while nurturing a healthy work-life balance. Employment benefits include competitive compensation, Health and Wellness programs, Income Protection, Paid Leave and Retirement. More details are available here: Join Our Team | Jobs & Career Opportunities | Leidos QTC Health Services (qtcm.com)The Leidos QTC Health Services pay range for this job level is a general guideline only and not a guarantee of compensation or salary. Additional factors considered in extending an offer include (but are not limited to): geographic location, responsibilities of the job, education, experience, knowledge, skills, and abilities, as well as internal equity, alignment with market data, applicable bargaining agreement (if any), or other law.Leidos QTC Health Services. is a VEVRAA Federal contractor and an Equal Opportunity Employer. The company has an ongoing commitment to affirmative action and the creation of a workplace free of discrimination, harassment and retaliation. The company recruits, hires, trains, and promotes individuals in all job titles without regard to race, color, creed, religion, ancestry, national origin, age, sex, pregnancy, sexual orientation, gender identity, genetic information, people with disabilities protected under law, and protected veteran status. This job description supersedes all prior job descriptions and is intended to describe the general content and essential requirements for the position listed above. It is not to be construed as an exhaustive statement of requirements, duties and responsibilities. Management reserves the right to add or change the duties of this position as required at any time.",https://www.linkedin.com/jobs/view/jr-data-scientist-ai-at-qtc-management-inc-4041185242?position=1&pageNum=0&refId=4UpR2CpOdWvZbbvFbzPMag%3D%3D&trackingId=z3Em19Mys0Y96NygzuCTfg%3D%3D
"Data Scientist Intern, Product Analytics",Meta,"New York, NY",N/A,https://www.linkedin.com/jobs/view/data-scientist-intern-product-analytics-at-meta-4043799157?position=2&pageNum=0&refId=4UpR2CpOdWvZbbvFbzPMag%3D%3D&trackingId=3beTC4t8e%2BvoAs%2FNeTPPbg%3D%3D
Data Scientist - Marketing Agency,Boost Mobile,"Littleton, CO",N/A,https://www.linkedin.com/jobs/view/data-scientist-marketing-agency-at-boost-mobile-4027397616?position=3&pageNum=0&refId=4UpR2CpOdWvZbbvFbzPMag%3D%3D&trackingId=FUA4L%2Bx%2FPWBTf2khY7ZsiQ%3D%3D
Data Scientist,SAS,United States,"Data Scientist - Remote or Hybrid  Nice to meet you! We‚Äôre a leader in data and AI. Through our software and services, we inspire customers around the world to transform data into intelligence - and questions into answers.We‚Äôre also a debt-free multi-billion-dollar organization on our path to IPO-readiness. If you're looking for a dynamic, fulfilling career coupled with flexibility and world-class employee experience, you'll find it here.About The JobThe Customer Analytics team within the CI 360 R&D organization at SAS is seeking a Data Scientist to develop advanced predictive models, AI-driven solutions, and cutting-edge recommender systems specifically for the marketing technology (martech) industry. The successful candidate will demonstrate robust analytical capabilities, proficiency in machine learning techniques, and a thorough understanding of data-driven decision-making processes.As a Data Scientist , You Will Collaborate with IT to prepare and manipulate structured and unstructured data for data discovery and mining from multiple disparate resources.  Build high-end analytic models, utilizing supervised and unsupervised learning models, to support decision makers with data driven insights that address immediate business problems and objectives.  Create informative visualizations that intuitively display large amounts of data and/or complex relationships; translates data analytics into coherent reports and presentations for internal and external customer with varying degrees of technical knowledge.  Routinely use anonymized or encrypted data.  Prototype solutions using varied resources, including SAS software and open source software. Required Qualifications Three (3) years of relevant experience such as analyzing data , building analytical and/or machine learning models.  Master‚Äôs degree in fields that include strong coverage of applied mathematics and statistics, computer science, engineering, or related fields. PhD in related field preferred.  Equivalent combination of related education, training and experience may be considered in place of the above qualifications.  Strong knowledge of applied statistics, probability, data modeling techniques, predictive modeling techniques and in-sample and out-of-sample model assessment.  Strong aptitude with at least two operating system supported by SAS software.  Ability to resolve problems with minimal management assistance, escalating when appropriate.  Ability to communicate with people of various technical backgrounds, think analytically, write and edit technical material, and relate statistical concepts and applications to statistical and non-statistical SAS users.  Business domain expertise in at least one industry or business area.  You‚Äôre curious, passionate, authentic and accountable. These are our values and influence everything we do. Preferred Qualifications Modeling experience with SAS and/or Python languages  Experience using cloud platforms such as AWS and Azure for model development and operationalization World-Class BenefitsHighlights include... Comprehensive medical, prescription, dental and vision plans.  Medical plan options include‚Ä¶ PPO with low annual deductible and copays.  HDHP combined with a health savings account with a contribution from SAS (no access to on-site health care center).  Onsite Health Care Center (HQ) that‚Äôs free to employees and family members enrolled in the PPO plan. There‚Äôs a pharmacy too! Not local to HQ? The pharmacy will ship prescriptions for no additional charge!  An industry-leading 401k plan.  Generous time away including vacation time, a variety of paid holidays, and our much-loved U.S. Winter Wellness Break between December 25 and January 1.  Volunteer Time Off, parental leave and unlimited paid sick days.  Generous childcare benefits for all full-time employees  Diverse and Inclusive At SAS, it‚Äôs not about fitting into our culture ‚Äì it‚Äôs about adding to it. We believe our people make the difference. Our diverse workforce brings together unique talents and inspires teams to create amazing software that reflects the diversity of our users and customers. Our commitment to diversity is a priority to our leadership, all the way up to the top; and it‚Äôs essential to who we are. To put it plainly: you are welcome here.Additional InformationTo qualify, applicants must be legally authorized to work in the United States, and should not require, now or in the future, sponsorship for employment visa status. SAS is an equal opportunity/Affirmative Action employer. All qualified applicants are considered for employment without regard to race, color, religion, gender, sexual orientation, gender identity, age, national origin, disability status, protected veteran status or any other characteristic protected by law. Read more: Know Your Rights . Also view the Pay Transparency notice.Resumes may be considered in the order they are received. SAS employees performing certain job functions may require access to technology or software subject to export or import regulations. To comply with these regulations, SAS may obtain nationality or citizenship information from applicants for employment. SAS collects this information solely for trade law compliance purposes and does not use it to discriminate unfairly in the hiring process.SAS only sends emails from verified ‚Äúsas.com‚Äù email addresses and never asks for sensitive, personal information or money. If you have any doubts about the authenticity of any type of communication from, or on behalf of SAS, please contact Recruitingsupport@sas.com.#SAS #highlightedjob",https://www.linkedin.com/jobs/view/data-scientist-at-sas-4029520803?position=4&pageNum=0&refId=4UpR2CpOdWvZbbvFbzPMag%3D%3D&trackingId=uIOFtcSyla%2FSp7qiMKy8zA%3D%3D
"Data Scientist Intern, Product Analytics",Meta,"Menlo Park, CA","As a Data Scientist Intern at Meta, you will shape the future of people-facing and business-facing products we build across our entire family of applications (Facebook, Instagram, Messenger, WhatsApp, Oculus). By applying your technical skills, analytical mindset, and product intuition to one of the richest data sets in the world, you will help define the experiences we build for billions of people and hundreds of millions of businesses around the world. You will collaborate on a wide array of product and business problems with a diverse set of cross-functional partners across Product, Engineering, Research, Data Engineering, Marketing, Sales, Finance and others. You will use data and analysis to identify and solve product development‚Äôs biggest challenges. You will influence product strategy and investment decisions with data, be focused on impact, and collaborate with other teams. Product leadership: You will use data to shape product development, quantify new opportunities, identify upcoming challenges, and ensure the products we build bring value to people, businesses, and Meta. Analytics: You will focus on developing hypotheses and employ a diverse toolkit of rigorous analytical approaches, different methodologies, frameworks, and technical approaches to test them.Communication and influence: You won‚Äôt simply present data, but tell data-driven stories.Data Scientist Intern, Product Analytics Responsibilities:Perform large-scale data analysis to extract useful business insights.Identify actionable insights, suggest recommendations and influence the direction of the business by communicating results to cross-functional groups.Work closely with a Product Manager and Engineering team to proactively create rules and manage decisions.Classify leads so that the teams work on the most valuable cases.Suggest improvements in the tools and techniques to help scale the team and/or build 0->1 convictions on new initiatives. Model solutions around what delivers long-run user value to our usersMinimum Qualifications:Currently is in the process of obtaining a Bachelor‚Äôs and/or Master‚Äôs degree in Mathematics, Statistics, a relevant technical field, or equivalent practical experience.Must obtain work authorization in country of employment at the time of hire, and maintain ongoing work authorization during employment.Preferred Qualifications:Curious, self-driven, analytical and excited to play with data.Ability to thrive in a fast paced work environment.Experience with data querying languages (e.g. SQL), scripting languages (e.g. Python), and/or statistical/mathematical software (e.g. R).Intent to return to a degree-program after the completion of the internship.About Meta:Meta builds technologies that help people connect, find communities, and grow businesses. When Facebook launched in 2004, it changed the way people connect. Apps like Messenger, Instagram and WhatsApp further empowered billions around the world. Now, Meta is moving beyond 2D screens toward immersive experiences like augmented and virtual reality to help build the next evolution in social technology. People who choose to build their careers by building with us at Meta help shape a future that will take us beyond what digital connection makes possible today‚Äîbeyond the constraints of screens, the limits of distance, and even the rules of physics.Meta is proud to be an Equal Employment Opportunity and Affirmative Action employer. We do not discriminate based upon race, religion, color, national origin, sex (including pregnancy, childbirth, or related medical conditions), sexual orientation, gender, gender identity, gender expression, transgender status, sexual stereotypes, age, status as a protected veteran, status as an individual with a disability, or other applicable legally protected characteristics. We also consider qualified applicants with criminal histories, consistent with applicable federal, state and local law. Meta participates in the E-Verify program in certain locations, as required by law. Please note that Meta may leverage artificial intelligence and machine learning technologies in connection with applications for employment.Meta is committed to providing reasonable accommodations for candidates with disabilities in our recruiting process. If you need any assistance or accommodations due to a disability, please let us know at accommodations-ext@fb.com.$7,188/month to $11,000/month + benefitsIndividual compensation is determined by skills, qualifications, experience, and location. Compensation details listed in this posting reflect the base hourly rate, monthly rate, or annual salary only, and do not include bonus, equity or sales incentives, if applicable. In addition to base compensation, Meta offers benefits. Learn more about  benefits  at Meta.",https://www.linkedin.com/jobs/view/data-scientist-intern-product-analytics-at-meta-4043793816?position=5&pageNum=0&refId=4UpR2CpOdWvZbbvFbzPMag%3D%3D&trackingId=KiSgYV%2FpMnIIQ3oUJIIuww%3D%3D
"Data Scientist Intern, Product Analytics",Meta,"Burlingame, CA",N/A,https://www.linkedin.com/jobs/view/data-scientist-intern-product-analytics-at-meta-4043796448?position=6&pageNum=0&refId=4UpR2CpOdWvZbbvFbzPMag%3D%3D&trackingId=nWtijMoqJh4xgjieLRCN6A%3D%3D
Data Scientist,Fractal,United States,"Fractal is a strategic AI partner to Fortune 500 companies with a vision to power every human decision in the enterprise. Fractal is building a world where individual choices, freedom, and diversity are the greatest assets; an ecosystem where human imagination is at the heart of every decision. Where no possibility is written off, only challenged to get better. We believe that a true Fractalite is the one who empowers imagination with intelligence. Fractal has been featured as a Great Place to Work by The Economic Times in partnership with the Great Place to Work¬Æ Institute and recognized as a ‚ÄòCool Vendor‚Äô and a ‚ÄòVendor to Watch‚Äô by Gartner.Please visit Fractal | Intelligence for Imagination for more information about Fractal.Role OverviewThe Artificial Intelligence and Machine Learning (AIML) group at Fractal Analytics is actively involved in helping Fortune 500 companies by enabling them to discover how they can leverage their data using advanced and sophisticated AI/ML algorithms for which we are looking for Data Scientists with the capability to work on independent statistical and machine learning research/ projects. If you are a problem solver curious about exploring new techniques and technologies in AIML space, then we would like to talk with you.Job ResponsibilitiesAbility to understand a problem statement and implement analytical solutions and techniques independently, proactively, and with thought leadership.Work with organizational stakeholders to identify opportunities for leveraging company/client data to drive business solutions.Fast learner: ability to learn and quickly learn a new language/tool/ platform.Conceptualize, design, and deliver high-quality solutions and insightful analysis.Conduct research and prototyping innovations, data and requirements gathering, solution scoping and architecture, and consulting clients and clients-facing teams on advanced statistical and machine learning problems.Collaborate and Coordinate with different functional teams (engineering and product development) to implement models and monitor outcomes.Ability to deliver AIML-based solutions around a host of domains and problems, with some of them being Customer Segmentation & Targeting, Propensity Modeling, Churn Modeling, Lifetime Value Estimation, Forecasting, Recommender Systems, Modeling Response to Incentives, Marketing Mix Optimization, Price OptimizationExperience RequiredExpert level proficiency in at least one of R and Python with a focus on object-oriented programming.Ability to create efficient solutions to complex problems. Strong skills in data-structures and ML algorithms.Demonstrable understanding of machine learning techniques and their practical applications.Excellent collaboration and communication skills.A team player with a proactive approach to problem-solving.Familiarity with NLP and text analysis.Experience working on end-to-end data science pipeline: problem scoping, data gathering, EDA, modeling, insights, visualizations, monitoring, and maintenance.Problem-solving: Ability to break the problem into small parts and apply relevant techniques to drive required outcomes.Intermediate to advanced knowledge of machine learning, probability theory, statistics, and algorithms. You will be required to discuss and use various algorithms and approaches daily.We use regression, Bayesian methods, tree-based learners, SVM, RF, XGBOOST, time series modeling, dimensionality reduction, SEM, GLM, GLMM, clustering, Deep learning etc. regularly. If you know a few of them, you are good to go.Good to Have:Experience in upcoming technologies like deep learning, NLP, image processing, and recommender systems.Experience working in one or more domains:CPG - pricing and promotion analytics, marketing analytics, trade promotions, supply chain managementBFSI - cross-sell, up-sell, campaign analytics, treasury analytics, fraud detectionHealthcare - medical adherence, medical risk profiling, EHR data, fraud-waste-abuseExperience working with Linux computing environment and using command line tools like sed/awk.Good grasp of databases, including RDBMS, NoSQL, MongoDB, etc.Pay:The wage range for this role takes into account the wide range of factors that are considered in making compensation decisions, including but not limited to skill sets; experience and training; licensure and certifications; and other business and organizational needs. The disclosed range estimate has not been adjusted for the applicable geographic differential associated with the location at which the position may be filled. At Fractal, it is not typical for an individual to be hired at or near the top of the range for their role and compensation decisions are dependent on the facts and circumstances of each case. A reasonable estimate of the current range is: $90,000 to $130,000. In addition, you may be eligible for a discretionary bonus for the current performance period.Benefits:As a full-time employee of the company or as an hourly employee working more than 30 hours perweek, you will be eligible to participate in the health, dental, vision, life insurance, and disability plans in accordance with the plan documents, which may be amended from time to time. You will be eligible for benefits on the first day of employment with the Company. In addition, you are eligible to participate in the Company 401(k) Plan after 30 days of employment, in accordance with the applicable plan terms. The Company provides for 11 paid holidays and 12 weeks of Parental Leave. We also follow a ‚Äúfree time‚Äù PTO policy, allowing you the flexibility to take the time needed for either sick time or vacation.Fractal provides equal employment opportunities to all employees and applicants for employment and prohibits discrimination and harassment of any type without regard to race, color, religion, age, sex, national origin, disability status, genetics, protected veteran status, sexual orientation, gender identity or expression, or any other characteristic protected by federal, state or local laws.",https://www.linkedin.com/jobs/view/data-scientist-at-fractal-4044388657?position=7&pageNum=0&refId=4UpR2CpOdWvZbbvFbzPMag%3D%3D&trackingId=iDQoiPB6k3FExqeXiMAgdQ%3D%3D
"Staff Data Scientist, Strategy & Insights",LinkedIn,"Sunnyvale, CA",N/A,https://www.linkedin.com/jobs/view/staff-data-scientist-strategy-insights-at-linkedin-4039501251?position=8&pageNum=0&refId=4UpR2CpOdWvZbbvFbzPMag%3D%3D&trackingId=ZrgAZRUk1ySiuKOIsa%2FnMQ%3D%3D
Senior Data Scientist - Strategy & Insights,LinkedIn,"Sunnyvale, CA",N/A,https://www.linkedin.com/jobs/view/senior-data-scientist-strategy-insights-at-linkedin-4039095787?position=9&pageNum=0&refId=4UpR2CpOdWvZbbvFbzPMag%3D%3D&trackingId=74gR0UFVQpMvTO%2B%2FmX5I%2Fw%3D%3D
"Data Scientist, Algorithms, Fulfilment",Lyft,"New York, NY","At Lyft, our mission is to improve people‚Äôs lives with the world‚Äôs best transportation. To do this, we start with our own community by creating an open, inclusive, and diverse organization.Data Science is central to Lyft's products and decision-making. As a Data Scientist on the cross-functional team, you will work in a dynamic environment, tackling a variety of problems from shaping critical business decisions to building algorithms that power our products. We seek passionate, driven Data Scientists to address some of the most interesting and impactful problems in ridesharing.As a Data Scientist specializing in Algorithms, you will develop mathematical models for the platform's core services, addressing diverse problems in optimization, prediction, machine learning, and inference. On the Fulfillment team, you will report to a Team Manager overseeing Data Scientists, Data Analysts, Machine Learning Engineers and Software Engineers. You will collaborate with cross-functional teammates and stakeholders to enhance algorithms for matching rideshare supply and demand in real time and develop product offerings to improve the experiences of Lyft Riders and Drivers.Responsibilities:Partner with Engineers, Product Managers, and Business Partners to frame problems, both mathematically and within the business context.Perform exploratory data analysis to gain a deeper understanding of the problemConstruct and fit statistical, machine learning, or optimization modelsWrite production modeling code; collaborate with Software Engineers to implement algorithms in productionDesign and run both simulated and live traffic experimentsAnalyze experimental and observational data; communicate findings; facilitate launch decisionsExperience:M.S. or Ph.D. in Statistics, Operations Research, Mathematics, Computer Science, or other quantitative fields2+ years professional experiencePassion for solving unstructured and non-standard mathematical problemsEnd-to-end experience with data, including querying, aggregation, analysis, and visualizationProficiency with Python, or another interpreted programming language like R or MatlabWillingness to collaborate and communicate with others to solve a problemBenefitsGreat medical, dental, and vision insurance optionsMental health benefitsFamily building benefitsIn addition to 12 observed holidays, salaried team members have unlimited paid time off, hourly team members have 15 days paid time off401(k) plan to help save for your future18 weeks of paid parental leave. Biological, adoptive, and foster parents are all eligiblePre-tax commuter benefitsLyft Pink - Lyft team members get an exclusive opportunity to test new benefits of our Ridership ProgramLyft is an equal opportunity/affirmative action employer committed to an inclusive and diverse workplace. All qualified applicants will receive consideration for employment without regards to race, color, religion, sex, sexual orientation, gender identity, national origin, disability status, protected veteran status or any other basis prohibited by law. We also consider qualified applicants with criminal histories consistent with applicable federal, state and local law.This role will be in-office on a hybrid schedule ‚Äî Team Members will be expected to work in the office 3 days per week on Mondays, Thursdays and a team-specific third day. Additionally, hybrid roles have the flexibility to work from anywhere for up to 4 weeks per year. #HybridThe expected base pay range for this position in the New York City area is $124,000 - $155,000. Salary ranges are dependent on a variety of factors, including qualifications, experience and geographic location. Range is not inclusive of potential equity offering, bonus or benefits. Your recruiter can share more information about the salary range specific to your working location and other factors during the hiring process.",https://www.linkedin.com/jobs/view/data-scientist-algorithms-fulfilment-at-lyft-4044973307?position=10&pageNum=0&refId=4UpR2CpOdWvZbbvFbzPMag%3D%3D&trackingId=jkSScP%2FY9Wi6hYa8scPJhw%3D%3D
"Data Scientist, Decisions - AdTech",Lyft,"New York, NY",N/A,https://www.linkedin.com/jobs/view/data-scientist-decisions-adtech-at-lyft-4045840019?position=11&pageNum=0&refId=4UpR2CpOdWvZbbvFbzPMag%3D%3D&trackingId=5TW%2BEPLR7k6%2FNdpS5jsiCA%3D%3D
"Machine Learning Engineer, Pricing Modeling",Airbnb,United States,N/A,https://www.linkedin.com/jobs/view/machine-learning-engineer-pricing-modeling-at-airbnb-4023774853?position=12&pageNum=0&refId=4UpR2CpOdWvZbbvFbzPMag%3D%3D&trackingId=XM1VwYMLFuLTHVfpPm4cfA%3D%3D
Data Scientist,LTIMindtree,"Tampa, FL",N/A,https://www.linkedin.com/jobs/view/data-scientist-at-ltimindtree-4043343269?position=13&pageNum=0&refId=4UpR2CpOdWvZbbvFbzPMag%3D%3D&trackingId=7KF4VjfrOS9Hd6Q96T7qXA%3D%3D
Data Scientist I,FiscalNote,United States,N/A,https://www.linkedin.com/jobs/view/data-scientist-i-at-fiscalnote-4049466678?position=14&pageNum=0&refId=4UpR2CpOdWvZbbvFbzPMag%3D%3D&trackingId=vxfm2eDvEP3zePieUNuhbg%3D%3D
Data Scientist,Inizio Partners,United States,"Job Summary: Our client is looking for a Data Scientist to develop and apply models and statistical analysis within our enterprise data science group. This individual will work within a functionally organized Enterprise Data & Analytics group with support from IT, Data Engineering and Governance, Business Intelligence, and Product Management. Its scope encompasses electricity and gas contracts, smart home products, plant operations, trading, and energy services. The role will report to data science lead and will work on cross-functional project teams to deliver repeatable and scalable data solutions to drive value for the organization. This will require both an understanding of the intersection between business economics and the use of algorithms to make or aid business decisions.Essential Duties/Responsibilities:Understanding of machine learning and deep learning models to select and implement for prediction, classification, and clustering projects.Apply machine learning or reinforcement learning to optimize marketing efforts with respect to customer acquisition, retention, pricing, cross-selling, operations and trading.Passion to learn latest AI techniques and explore applications for large language models.Understanding of the business context of projects and able to identify areas where models will be less predictive or have caveats to their predictive powers.Ability to translate complex business issues into achievable analytical learning objectives and actionable analytic projects.Ability to communicate and establish good relations with multi-disciplinary teams.Proficiency with Python, including pandas, scikit-learn.Experience in Spark or PySparkMinimum Requirements:Bachelors degree in a quantitative field, such as Statistics, Mathematics, Computer Science, Economics, Engineering, or Operations Research required.6+ years of experience in statistical modeling and quantitative analysis in industry or full-time academic researchPreferred Qualifications:Advanced Degree (MS or PhD) in Statistics, Mathematics or Quantitative Marketing with a focus on machine learning is strongly preferred.Additional Knowledge, Skills and Abilities: Experience with Databricks.Experience with AWS SageMaker.Experience with Azure AI Studio.Retail electricity or gas experience.Comfortable working in Linux Experience with Gi.Experience with Docker containers.Ability to learn and apply new quantitative techniques quickly and appropriately.Ability to interpret and communicate complex analytics results.Ability to identify practical business implications.Good communication skills.Keen attention to detail.Think critically about analysis to ensure the conclusions make sense before sharingNeed a minimum of 5-6 years hands-on experience as a Data Scientist to be shortlisted.Hands-on experience in Logistic Regression, Hypothesis testing, Random Forest, XG Boost, Numpy, Pandas , Scikit-Learn is MUST HAVE.",https://www.linkedin.com/jobs/view/data-scientist-at-inizio-partners-4049222532?position=15&pageNum=0&refId=4UpR2CpOdWvZbbvFbzPMag%3D%3D&trackingId=9qWEdfEbnIF9Jpq7OhRPDQ%3D%3D
Data Scientist,Infosys,"Alpharetta, GA",N/A,https://www.linkedin.com/jobs/view/data-scientist-at-infosys-4042274669?position=16&pageNum=0&refId=4UpR2CpOdWvZbbvFbzPMag%3D%3D&trackingId=TY0KVjWbVgUxwXPTTXOAag%3D%3D
Data Scientist,Sartre Group,"New York, United States",N/A,https://www.linkedin.com/jobs/view/data-scientist-at-sartre-group-4039856989?position=17&pageNum=0&refId=4UpR2CpOdWvZbbvFbzPMag%3D%3D&trackingId=t3qvG9m7OY%2FABcb8TdtedA%3D%3D
Machine Learning Engineer,Inhabitr,"Milpitas, CA",N/A,https://www.linkedin.com/jobs/view/machine-learning-engineer-at-inhabitr-4040470462?position=18&pageNum=0&refId=4UpR2CpOdWvZbbvFbzPMag%3D%3D&trackingId=ca23Mig9yjjLumcfh5wGbQ%3D%3D
"Senior, Data Scientist",Walmart,"Bentonville, AR","Position Summary...What you'll do...Navigating rush hour traffic to deliver groceries to our customers in as little as an hour. Maneuvering through a bustling city during the peak times of the day. Adapting our routes during rush hour and major events like the Super Bowl. Sounds simple right? Our Last-Mile team utilizes hundreds of data points to create connections between stores, customers, shoppers, and drivers.As a Senior Data Scientist for Last-Mile Delivery at Walmart, you will help pioneer algorithms for demand, supply, capacity, cost, and fulfillment to make Walmart's delivery platform one of the fastest and most reliable delivery services in the country. You will have access to our limitless global data harvested from our customer and driver apps.Identifying opportunities and business problems and framing them into advanced data analytics project initiatives.Extracting available and relevant data from internal and external data sources to perform data science solution development.Performing exploratory data analysis to verify data quality and data integrity.Design, analyze, and run both simulated and live experiments (A/B and multivariate tests) to drive KPI improvements.You will conceive and lead projects while being a hands-on builder of machine learning/deep learning software components. You will coach and mentor the next generation of strong engineers on the team.What you will work on...You will be joining a growing data science team and will tackle some of the most challenging and impactful problems that are transforming how people buy groceries every day. Our systems support thousands of drivers and shoppers on the Walmart's platform by offering immediate and flexible earnings opportunities, and so we must remain highly reliable at all times to ensure that Walmart's customers receive timely and high-quality deliveries.Areas Of WorkModeling real time demand of orders and supply of delivery driversFormulate algorithms to establish efficient ecosystems for customers, drivers, and our stores.Building demand growth and expansion strategiesUnderstanding driver and customer feedbacks and analyze driver lifetime valueSkills RequiredAbility to thrive in an unstructured environment, working autonomously on a strong team to find opportunity and deliver business impact.Advanced understanding of machine learning algorithms, statistical modeling, causal inference, complex systems modeling, operations research, economics, etc. to shape the future of Walmart.Experience with A/B testing and ability to run rigorous experiments to produce scientifically sound recommendations.Build simulations to project impact of various product and policy interventions.Proven ability with statistical methods and advanced modeling techniques like Regression, Decision Trees, Random Forest, Clustering, NLP, Text Mining, etc.Proficient coding in one or more languages: Java, C++, Python, Spark, Scala, or RDeep expertise in writing efficiently and debugging complex SQL queries.Data driven storytelling experience with visualizations in Tableau, Power BI, etc.Strong written, oral communication and presentation skillsProblem solving skills / Abstract thinking - ability to understand a real-life problem, make the right judgement of problem statement, and give a feasible design of solution.Experience in interacting with business stakeholders and effectively drive conversations.Experience on leveraging visualization to build compelling stories based on context to integrate multiple pieces of information into cohesive insights.Benefits & PerksBeyond competitive pay, you can receive incentive awards for your performance. Other great perks include 401(k) match, stock purchase plan, paid maternity and parental leave, PTO, multiple health plans, and much more.Who We AreJoin Walmart and your work could help over 275 million global customers live better every week. Yes, we are the Fortune #1 company. But you'll quickly find we're a company who wants you to feel comfortable bringing your whole self to work. A career at Walmart is where the world's most complex challenges meet a kinder way of life. Our mission spreads far beyond the walls of our stores. Join us and you'll discover why we are a world leader in diversity and inclusion, sustainability, and community involvement. From day one, you'll be empowered and equipped to do the best work of your life.At Walmart, we offer competitive pay as well as performance-based bonus awards and other great benefits for a happier mind, body, and wallet. Health benefits include medical, vision and dental coverage. Financial benefits include 401(k), stock purchase and company-paid life insurance. Paid time off benefits include PTO (including sick leave), parental leave, family care leave, bereavement, jury duty, and voting. Other benefits include short-term and long-term disability, company discounts, Military Leave Pay, adoption and surrogacy expense reimbursement, and more.‚Äé‚Äé‚ÄéYou will also receive PTO and/or PPTO that can be used for vacation, sick leave, holidays, or other purposes. The amount you receive depends on your job classification and length of employment. It will meet or exceed the requirements of paid sick leave laws, where applicable.‚ÄéFor information about PTO, see https://one.walmart.com/notices .‚Äé‚ÄéLive Better U is a Walmart-paid education benefit program for full-time and part-time associates in Walmart and Sam's Club facilities. Programs range from high school completion to bachelor's degrees, including English Language Learning and short-form certificates. Tuition, books, and fees are completely paid for by Walmart.‚ÄéEligibility requirements apply to some benefits and may depend on your job classification and length of employment. Benefits are subject to change and may be subject to a specific plan or program terms.‚ÄéFor Information About Benefits And Eligibility, See One.Walmart .‚ÄéThe annual salary range for this position is $90,000.00-$180,000.00‚ÄéAdditional Compensation Includes Annual Or Quarterly Performance Bonuses.‚ÄéAdditional Compensation For Certain Positions May Also Include‚Äé‚Äé Stock‚Äé‚ÄéMinimum Qualifications...Outlined below are the required minimum qualifications for this position. If none are listed, there are no minimum qualifications.Option 1- Bachelor's degree in Statistics, Economics, Analytics, Mathematics, Computer Science, Information Technology, or related field and 3 years' experience in an analytics related field. Option 2- Master's degree in Statistics, Economics, Analytics, Mathematics, Computer Science, Information Technology, or related field and 1 years' experience in an analytics related field. Option 3 - 5 years' experience in an analytics or related field.Preferred Qualifications...Outlined below are the optional preferred qualifications for this position. If none are listed, there are no preferred qualifications.Data science, machine learning, optimization models, Master's degree in Machine Learning, Computer Science, Information Technology, Operations Research, Statistics, Applied Mathematics, Econometrics, Successful completion of one or more assessments in Python, Spark, Scala, or R, Using open source frameworks (for example, scikit learn, tensorflow, torch), We value candidates with a background in creating inclusive digital experiences, demonstrating knowledge in implementing Web Content Accessibility Guidelines (WCAG) 2.2 AA standards, assistive technologies, and integrating digital accessibility seamlessly. The ideal candidate would have knowledge of accessibility best practices and join us as we continue to create accessible products and services following Walmart's accessibility standards and guidelines for supporting an inclusive culture.Primary Location...702 Sw 8Th St, Bentonville, AR 72716, United States of America",https://www.linkedin.com/jobs/view/senior-data-scientist-at-walmart-4035390487?position=19&pageNum=0&refId=4UpR2CpOdWvZbbvFbzPMag%3D%3D&trackingId=l5scWgzEUE5eMcmaTsh8IA%3D%3D
Medicaid Data Scientist 3,Abt Global,"Atlanta, GA",N/A,https://www.linkedin.com/jobs/view/medicaid-data-scientist-3-at-abt-global-4025352532?position=20&pageNum=0&refId=4UpR2CpOdWvZbbvFbzPMag%3D%3D&trackingId=Orl4vRkk%2BVTg4zG9cM4niw%3D%3D
Data Scientist,Connecticut Innovations,"Connecticut, United States",N/A,https://www.linkedin.com/jobs/view/data-scientist-at-connecticut-innovations-4042338936?position=21&pageNum=0&refId=4UpR2CpOdWvZbbvFbzPMag%3D%3D&trackingId=3a%2BcS21gywIlXdjqcBm9jw%3D%3D
Junior Data Scientist,Redhorse Corporation,"Arlington, VA",N/A,https://www.linkedin.com/jobs/view/junior-data-scientist-at-redhorse-corporation-4043970717?position=22&pageNum=0&refId=4UpR2CpOdWvZbbvFbzPMag%3D%3D&trackingId=NvJsDvA%2FOjEN8d6qjA7GJA%3D%3D
Data Scientist,Digital Janet,United States,"ResponsibilitiesCollect, process, and analyze large datasets to identify trends and insights.Develop predictive models and machine-learning algorithms.Prepare comprehensive reports and visualizations to communicate findings.Collaborate with cross-functional teams to define data requirements and drive data-driven decisions.Stay updated with the latest data science techniques and technologies.QualificationsBachelor‚Äôs or Master‚Äôs degree in Data Science, Statistics, Computer Science, or a related field.Proven experience as a Data Scientist.Proficiency in programming languages such as Python or R.Strong knowledge of statistical methods and machine-learning techniques.Excellent problem-solving skills and attention to detail.Ability to work independently and manage multiple projects.",https://www.linkedin.com/jobs/view/data-scientist-at-digital-janet-4049616477?position=23&pageNum=0&refId=4UpR2CpOdWvZbbvFbzPMag%3D%3D&trackingId=4QLkSFOLPh5WCMYH4RrEag%3D%3D
Medicaid Data Scientist 3,Abt Global,"Durham, NC",N/A,https://www.linkedin.com/jobs/view/medicaid-data-scientist-3-at-abt-global-4025354088?position=24&pageNum=0&refId=4UpR2CpOdWvZbbvFbzPMag%3D%3D&trackingId=OXRfNr8a%2F5tBMA0rGsuSEg%3D%3D
AI Engineer,Pulley,"San Francisco, CA","Pulley's mission is to make it easier for anyone to start a company. We believe that more startups should exist and that founder-led companies are more successful in the long term. With Pulley's cap table management tools, companies can better understand and optimize their equity for the long term. Starting a company is hard enough. Managing equity shouldn't be.We're a high-performing team looking for passionate, execution-focused, self-starters to help us build equity management tools for founders. Pulley is growing quickly with over 3000 customers including unicorns like Clubhouse, Birdies, and Coda - all within our first year of product launch.Our trajectory is fueled by top investors like Founders' Fund, Stripe, General Catalyst, Caffeinated Capital, 8vc, Elad Gil, among other great angels. All of our growth has been organic, and we're growing the team to meet the demand.üåü AI EngineerWe're looking for a curious and motivated Software Engineer who is passionate about utilizing AI to build impactful solutions. You will play a critical role in automating internal tools to improve efficiency, and developing AI-powered applications to meet the needs of internal stakeholders and customers. In this cross-functional role, you'll have a unique opportunity to work closely with leadership, and tackle innovative projects that will directly impact how our business functions.üõ† ResponsibilitiesUtilize AI/ML products to automate internal tools and build products that drive efficiencyHelp manage the full product development lifecycle for new platform capabilities and product experiences end-to-endCollaborate with cross-functional stakeholders to understand their needs and iterate on solutionsüôå Qualifications & FitStrong software engineering skills, proficiency in Python Deep interest in AI/ML technologies and the latest AI research, and familiarity with AI-powered developer tools like ChatGPTAbility to work cross functionally with other teamsüíö BenefitsUS based benefits:Health, Dental, and Vision insuranceUnlimited PTO401(k) Match‚ú® Our CultureTL&DR - Pulley is a unique fit, tailored for those who align with our values and culture. We are looking for people who are excited about building a great company, not just working in a high-growth startup. In addition to function-specific skills, here are some traits that enable our team members to thrive:First Principles Thinking. We believe in breaking down problems into their most basic parts. We don't reject ideas because they haven't worked before. We understand ""why did certain things work?"" and apply it to our situation.Ship It & Iterate. Shipping is the starting line for learning. Ship something, talk to users, get feedback, and iterate. We focus on the inputs, on what we can control, not the outcomes. We take our best bets, and don't fixate on the finish line.Boldly Honest & Aggressively Considerate. Being boldly honest means we push one another to act from first principles, set and hit goals, and ruthlessly prioritize. Being aggressively considerate means we care about each other as humans to win as a team. We speak up and embrace feedback.Default Yes. We believe that something is possible unless proven otherwise. Hard problems are often solved by people who didn't know it was impossible.We're also inspired by the culture work done at other companies and plan to develop our own playbook here too. One of the concepts that resonate most with us is the importance of stunning colleagues. If you like the sound of our environment and you're passionate about joining a team like the one we've described, we'd love to talk!Annual Salary Range: $90,000‚Äî$125,000 USD, plus equity to be negotiated.",https://www.linkedin.com/jobs/view/ai-engineer-at-pulley-4049672804?position=25&pageNum=0&refId=4UpR2CpOdWvZbbvFbzPMag%3D%3D&trackingId=bbPByDCIfojePhEhYt%2B%2BhA%3D%3D
Data Scientist (AI/ML),Syntricate Technologies,"Irving, TX","Hi,Hope you are doing wellNumber of position : 6Only Full Time no C2C and No ContractFull-timeI, Shakib (i3 infotek) would like to share a job opportunity as Data Scientist based in Irving, TX (Onsite) location for a Full-time position. In case, if you are not comfortable with this location, please share your preference with contact details for further requirements ***Kindly find the JD below and let me know if you are available for the same.Data ScientistJob Location: Irving, TX (Onsite)Duration: Full-timeJob DescriptionSkill: Data Scientist with Generative AI ExpertiseRole & ResponsibilitiesDesign, develop, and implement advanced AI solutions to solve complex business problems across various domains.Collaborate with engineers, researchers, and product managers to understand business needs and translate them into technical specifications for AI models.Gather, clean, and prepare data for training and evaluating sophisticated AI models, ensuring data quality and ethical considerations.Explore and implement state-of-the-art AI techniques, including deep learning, natural language processing, and computer vision, tailored to specific needs.Evaluate and compare different AI model architectures and hyperparameters to optimize performance, address potential biases, and ensure responsible development.Develop monitoring and evaluation frameworks to track AI model performance and ensure alignment with business goals.Communicate complex AI concepts and findings to technical and non-technical audiences through data visualization, storytelling, and presentations.SkillsTechnical:Programming languages: Python (proficient) with major Client libraries.Experience with opensource Gen AI LLMs e.g., Llama and Dolly.Machine learning, NLP & deep learning: Strong understanding of supervised and unsupervised learning, neural networks, transformers.Generative AI techniques: Experience with GANs, text-to-image generation, text generation models.Data wrangling & manipulation: SQL, data cleaning, feature engineering.Hyperscalers: AWS, Azure, or GCP experience a plusNon-technicalProblem-solving & critical thinking: Ability to identify and solve complex problems with data-driven solutions.Communication & collaboration: Effectively communicate technical concepts to diverse audiences, work with geographically distributed teams.Innovation & creativity.Attention to detail & accuracy.Self-motivation & continuous learning.Please reply me with your updated resume and required details:Full NameBest number to reach you:Work Authorization/Visa StatusCurrent Location:Expected CompensationBest time to call you:Waiting for your earliest responseSincerely,Mohd ShakibSr. Technical Recruiter Direct: 781-896-2153 Address: 1500 District Avenue, Ste. 4135, Burlington, MA 01803",https://www.linkedin.com/jobs/view/data-scientist-ai-ml-at-syntricate-technologies-3861232363?position=26&pageNum=0&refId=4UpR2CpOdWvZbbvFbzPMag%3D%3D&trackingId=cij9tIZaCuO4tGDqxjwj0A%3D%3D
Machine Learning Engineer,Paradigm,United States,N/A,https://www.linkedin.com/jobs/view/machine-learning-engineer-at-paradigm-4046402532?position=27&pageNum=0&refId=4UpR2CpOdWvZbbvFbzPMag%3D%3D&trackingId=xMDGUnVTgufX8N7SWcGuSA%3D%3D
Data Scientist Intern,MillerKnoll,"Zeeland, MI",N/A,https://www.linkedin.com/jobs/view/data-scientist-intern-at-millerknoll-4038547797?position=28&pageNum=0&refId=4UpR2CpOdWvZbbvFbzPMag%3D%3D&trackingId=0W8itQg2xypKY6027ie9jw%3D%3D
AI Engineer,Snappr,"San Francisco, CA",N/A,https://www.linkedin.com/jobs/view/ai-engineer-at-snappr-4049451912?position=29&pageNum=0&refId=4UpR2CpOdWvZbbvFbzPMag%3D%3D&trackingId=X78XzBC9xBOZutkmj9UEeg%3D%3D
Medicaid Data Scientist 3,Abt Global,"Rockville, MD",N/A,https://www.linkedin.com/jobs/view/medicaid-data-scientist-3-at-abt-global-4025353305?position=30&pageNum=0&refId=4UpR2CpOdWvZbbvFbzPMag%3D%3D&trackingId=qSAJzMNbs3zaVkDSsycRqw%3D%3D
Data Scientist,LTIMindtree,United States,"About Us:LTIMindtree is a global technology consulting and digital solutions company that enables enterprises across industries to reimagine business models, accelerate innovation, and maximize growth by harnessing digital technologies. As a digital transformation partner to more than 700+ clients, LTIMindtree brings extensive domain and technology expertise to help drive superior competitive differentiation, customer experiences, and business outcomes in a converging world. Powered by nearly 90,000 talented and entrepreneurial professionals across more than 30 countries, LTIMindtree ‚Äî a Larsen & Toubro Group company ‚Äî combines the industry-acclaimed strengths of erstwhile Larsen and Toubro Infotech and Mindtree in solving the most complex business challenges and delivering transformation at scale. For more information, please visit www.ltimindtree.com. Job Title:Data Scientist Work LocationUnited StatesJob Description10+ years of experience in data science ‚Äì specific areas are regression (XGBoost, neural networks) and unsupervised machine learning (PCA, k-means, SVMs, etc.)Typical languages (Python, SQL ‚Äì must). DataBricks nice to haveBenefits/perks listed below may vary depending on the nature of your employment with LTIMindtree (‚ÄúLTIM‚Äù):Benefits and Perks:Comprehensive Medical Plan Covering Medical, Dental, VisionShort Term and Long-Term Disability Coverage401(k) Plan with Company matchLife InsuranceVacation Time, Sick Leave, Paid HolidaysPaid Paternity and Maternity LeaveThe range displayed on each job posting reflects the minimum and maximum salary target for the position across all US locations. Within the range, individual pay is determined by work location and job level and additional factors including job-related skills, experience, and relevant education or training. Depending on the position offered, other forms of compensation may be provided as part of overall compensation like an annual performance-based bonus, sales incentive pay and other forms of bonus or variable compensation.Disclaimer: The compensation and benefits information provided herein is accurate as of the date of this posting.LTIMindtree is an equal opportunity employer that is committed to diversity in the workplace. Our employment decisions are made without regard to race, color, creed, religion, sex (including pregnancy, childbirth or related medical conditions), gender identity or expression, national origin, ancestry, age, family-care status, veteran status, marital status, civil union status, domestic partnership status, military service, handicap or disability or history of handicap or disability, genetic information, atypical hereditary cellular or blood trait, union affiliation, affectional or sexual orientation or preference, or any other characteristic protected by applicable federal, state, or local law, except where such considerations are bona fide occupational qualifications permitted by law. Safe return to office:In order to comply with LTIMindtree‚Äô s company COVID-19 vaccine mandate, candidates must be able to provide proof of full vaccination against COVID-19 before or by the date of hire. Alternatively, one may submit a request for reasonable accommodation from LTIMindtree‚Äôs COVID-19 vaccination mandate for approval, in accordance with applicable state and federal law, by the date of hire. Any request is subject to review through LTIMindtree‚Äôs applicable processes.",https://www.linkedin.com/jobs/view/data-scientist-at-ltimindtree-4035638811?position=31&pageNum=0&refId=4UpR2CpOdWvZbbvFbzPMag%3D%3D&trackingId=9O%2FJ63Nodt7mA3qP2oOxsA%3D%3D
Machine Learning Engineer,Proximate Technologies Inc,"Houston, TX","Company DescriptionProximate Technologies Inc is in staffing and consulting since 2004, we are immensely successful in creating a global network of highly adopt intelligent workforce that can help you achieve critical projects and goals. Keeping pace with projects and being on the lookout for the extremely talented individuals has become even more challenging and here is where Proximate comes in to play!Job DescriptionDesign complex systems of systems for training and running machine learning models with industry best practiceDevelop, identify, and report intellectual property through patent applications, invention disclosures, white papers, and presentationsContribute to all phases of product development and delivery from Analysis & Design all the way through to successful DeploymentCollaborate with the product team, architects, and others to understand the opportunities and limitations of AI, ML, and data engineeringQualificationsMasters in Computer engineering. Solid in Python with familiarity in popular ML libraries. Additional InformationAll your information will be kept confidential according to EEO guidelines.",https://www.linkedin.com/jobs/view/machine-learning-engineer-at-proximate-technologies-inc-4047245917?position=32&pageNum=0&refId=4UpR2CpOdWvZbbvFbzPMag%3D%3D&trackingId=v%2BTuvxwtlmAhpV5qCMtzeA%3D%3D
Junior Data Scientist,"NasTech Global, Inc.,","Falls Church, VA",N/A,https://www.linkedin.com/jobs/view/junior-data-scientist-at-nastech-global-inc-4045008943?position=33&pageNum=0&refId=4UpR2CpOdWvZbbvFbzPMag%3D%3D&trackingId=j22bofFA%2Ft6PyRzPS8DupA%3D%3D
Apprentice Engineer - Artificial Intelligence / Machine Learning,LinkedIn,"Mountain View, CA","Apprentice Engineer ‚Äì Artificial Intelligence / Machine LearningMountain View, CAThis role is not eligible for visa sponsorship. Applicants must be authorized to work in the US for LinkedIn without requiring visa sponsorship now or in the future.To learn more about the program and the application questions and timeline, please visit: careers.linkedin.com/reach. Company DescriptionLinkedIn is the world‚Äôs largest professional network, built to create economic opportunity for every member of the global workforce. Our products help people make powerful connections, discover exciting opportunities, build necessary skills, and gain valuable insights every day. We‚Äôre also committed to providing transformational opportunities for our own employees by investing in their growth. We aspire to create a culture that‚Äôs built on trust, care, inclusion, and fun ‚Äì where everyone can succeed. Join us to transform the way the world works.Searching for your dream job? At LinkedIn, we have developed an apprenticeship program that creates opportunity for every individual with the passion, potential, and drive to either develop or restart their career in engineering. We fundamentally believe top talent can come from anywhere, regardless of educational training or professional experience.REACH ProgramREACH is a multi-year program where individuals with passion for engineering will work in technical roles to build their skill set and gain the experience needed to become an Engineer at LinkedIn. The time each apprentice spends in this program will vary depending on their incoming skill set, experience, and progress through the program. The time in program is a one year minimum and a five year maximum in the apprenticeship. This program is designed for candidates who have non-traditional career paths and we strongly encourage those candidates to apply. This includes but is not limited to: candidates without Computer Science degrees who are self-taught, those that are re-entering the workforce, individuals switching careers, or those who have attended boot camp style courses focusing on machine learning or data science.Hybrid WorkAt LinkedIn, we trust each other to do our best work where it works best for us and our teams. This role offers a hybrid work option, meaning you can both work from home and commute to a LinkedIn office, depending on what‚Äôs best for you and when it is important for your team to be together.Artificial Intelligence/ Machine Learning ApprenticeshipAs an Apprentice Engineer, you will be placed on an Artificial Intelligence/ Machine Learning engineering team at LinkedIn developing cutting-edge machine learning models that serve millions of members. You will learn from fellow engineers and leaders and develop key skills applicable to a career in Artificial Intelligence/Machine Learning. Furthermore, apprentices are given a percentage of time to focus on their personal technical development, using both LinkedIn‚Äôs internal ecosystem and external educational opportunities.Is Artificial Intelligence/ Machine Learning a good fit for me?You might be a good fit for this apprentice role if you have strong quantitativeand problem-solving skills, regardless of the areas in which you developed them or applied them. There are endless possibilities for the experiences that have prepared you for this apprenticeship. For example, you might be someone working in analytics or software engineering who has been wanting to switch to artificial intelligence/ machine learning. You might be someone with a background in social science who has applied quantitative methods in that arena. You might be someone whose hobby is thinking about improvements to sports statistics like expected goals, home runs, or team rankings.Job Responsibilities:‚Ä¢ Contribute a unique perspective and creative approach to solving problems at LinkedIn‚Ä¢ Continue to learn and develop artificial intelligence/ machine learning skills‚Ä¢ Under the mentorship and guidance of seasoned LinkedIn engineers, produce high-quality software that is tested, code reviewed, and checked in regularly for continuous integration‚Ä¢ Solve difficult problems with machine learning, write code to put those solutions into production or inform business decision making, and deliver with a sense of urgency and quality‚Ä¢ Develop machine learning models that will serve our 740 million members on LinkedInBasic Qualifications:‚Ä¢ An undergraduate or graduate degree (bachelor‚Äôs, master‚Äôs or doctorate) in any field‚Ä¢ Demonstrated history of independent problem solving, data-driven thinking, and quantitative skills. These skills may have been gained or demonstrated as part of a degree program or prior work experience. These do not have to be in a technology setting, but rather any situation in which you used math and code to help drive decisions or outcomes.‚Ä¢ Demonstrated history of Artificial Intelligence/Machine Learning related projects. There is a wide range of examples that will qualify, including but not limited to:‚óè Open-source contributions‚óè Personal analytics or machine learning projects‚óè Analytical, mathematical, or statistical work as part of a job or researchPreferred Qualifications:‚Ä¢ Understanding of CS basic concepts: variables, recursion, algorithms, data structures, object orientation, error handling, etc. Knowing these will make it easier for you to learn more complex software topics!‚Ä¢ Basic knowledge of common machine learning techniques such as regression, clustering, and tree-based methods‚Ä¢ Excellent collaborative and communication skills, and ability to clearly articulate your perspective‚Ä¢ Entrepreneurial mindset to bring in a new and unique perspective to the team‚Ä¢ Desire to learn and develop skills in the fields of artificial intelligence/ machine learningSuggested Skills:‚Ä¢ Statistics & Machine Learning concepts and algorithms‚Ä¢ Data Analysis‚Ä¢ Experience with coding in programming/scripting languages such as Python, R, Java, C++, Matlab, SQLLinkedIn is committed to fair and equitable compensation practices.The pay range for this role is $82,000 to $109,000. Actual compensation packages are based on several factors that are unique to each candidate, including but not limited to skill set, depth of experience, certifications, and specific work location. This may be different in other locations due to differences in the cost of labor.The total compensation package for this position may also include annual performance bonus, stock, benefits and/or other applicable incentive compensation plans. For more information, visit https://careers.linkedin.com/benefits.Equal Opportunity StatementLinkedIn is committed to diversity in its workforce and is proud to be an equal opportunity employer. LinkedIn considers qualified applicants without regard to race, color, religion, creed, gender, national origin, age, disability, veteran status, marital status, pregnancy, sex, gender expression or identity, sexual orientation, citizenship, or any other legally protected class. LinkedIn is an Affirmative Action and Equal Opportunity Employer as described in our equal opportunity statement here: https://microsoft.sharepoint.com/:b:/t/LinkedInGCI/EeE8sk7CTIdFmEp9ONzFOTEBM62TPrWLMHs4J1C_QxVTbg?e=5hfhpE. Please reference https://www.eeoc.gov/sites/default/files/2023-06/22-088_EEOC_KnowYourRights6.12ScreenRdr.pdf and https://www.dol.gov/ofccp/regs/compliance/posters/pdf/OFCCP_EEO_Supplement_Final_JRF_QA_508c.pdf for more information.LinkedIn is committed to offering an inclusive and accessible experience for all job seekers, including individuals with disabilities. Our goal is to foster an inclusive and accessible workplace where everyone has the opportunity to be successful.If you need a reasonable accommodation to search for a job opening, apply for a position, or participate in the interview process, connect with us at accommodations@linkedin.com and describe the specific accommodation requested for a disability-related limitation.Reasonable accommodations are modifications or adjustments to the application or hiring process that would enable you to fully participate in that process. Examples of reasonable accommodations include but are not limited to:-Documents in alternate formats or read aloud to you-Having interviews in an accessible location-Being accompanied by a service dog-Having a sign language interpreter present for the interviewA request for an accommodation will be responded to within three business days. However, non-disability related requests, such as following up on an application, will not receive a response.LinkedIn will not discharge or in any other manner discriminate against employees or applicants because they have inquired about, discussed, or disclosed their own pay or the pay of another employee or applicant. However, employees who have access to the compensation information of other employees or applicants as a part of their essential job functions cannot disclose the pay of other employees or applicants to individuals who do not otherwise have access to compensation information, unless the disclosure is (a) in response to a formal complaint or charge, (b) in furtherance of an investigation, proceeding, hearing, or action, including an investigation conducted by LinkedIn, or (c) consistent with LinkedIn's legal duty to furnish information.Pay Transparency Policy StatementAs a federal contractor, LinkedIn follows the Pay Transparency and non-discrimination provisions described at this link: https://lnkd.in/paytransparency.Global Data Privacy Notice for Job CandidatesThis document provides transparency around the way in which LinkedIn handles personal data of employees and job applicants: https://lnkd.in/GlobalDataPrivacyNotice",https://www.linkedin.com/jobs/view/apprentice-engineer-artificial-intelligence-machine-learning-at-linkedin-4046519410?position=34&pageNum=0&refId=4UpR2CpOdWvZbbvFbzPMag%3D%3D&trackingId=SEoObYcFHOlEJSxOBglKNA%3D%3D
Machine Learning Engineer,Steneral Consulting,United States,N/A,https://www.linkedin.com/jobs/view/machine-learning-engineer-at-steneral-consulting-4049238025?position=35&pageNum=0&refId=4UpR2CpOdWvZbbvFbzPMag%3D%3D&trackingId=Qt%2B6AfPuPHZK7WWd5vuoxA%3D%3D
Data Scientist,Augment Jobs,"West Miami, FL","THIS JOB CAN BE FOUND ON OUR EXCLUSIVE JOB BOARD , IT IS NOT A DIRECT ROLE AT AUGMENT JOBS.Job Summary: We are seeking a highly skilled Financial Data Scientist to analyze complex financial data, build predictive models, and generate actionable insights to support our financial strategy and decision-making processes. The ideal candidate will have a strong background in data science, finance, and statistical modeling, with a passion for turning data into strategic assets.Key ResponsibilitiesDevelop and implement advanced financial models and algorithms to analyze financial data and forecast trends.Collaborate with cross-functional teams to identify key business questions and design data-driven solutions.Utilize machine learning and statistical techniques to create predictive models and risk assessments.Conduct in-depth analyses of financial data, including investment performance, market trends, and economic indicators.Design and maintain dashboards and reports to communicate findings and insights to stakeholders effectively.Stay current with industry trends and advancements in data science and finance to ensure the use of cutting-edge techniques and tools.Provide strategic recommendations based on data analysis to support financial planning and decision-making.QualificationsBachelor‚Äôs degree in Data Science, Finance, Statistics, Mathematics, or a related field; Master‚Äôs degree or PhD preferred.Proven experience as a Data Scientist, Financial Analyst, or similar role with a focus on financial data.Strong proficiency in programming languages such as Python or R, and data manipulation tools like SQL.Experience with machine learning frameworks and statistical analysis techniques.Solid understanding of financial concepts, models, and instruments.Excellent problem-solving skills and ability to work with complex datasets.Strong communication skills with the ability to convey technical information to non-technical stakeholders.Experience with data visualization tools such as Tableau or Power BI is a plus.BenefitsComprehensive health, dental, and vision insurance401(k) with company matchPaid time off and holidaysProfessional development opportunitiesFlexible work arrangements",https://www.linkedin.com/jobs/view/data-scientist-at-augment-jobs-4048932384?position=36&pageNum=0&refId=4UpR2CpOdWvZbbvFbzPMag%3D%3D&trackingId=QLrqZsZBzjTpuIFXmywNoQ%3D%3D
Data Scientist,"Boston VA Research Institute, Inc. (BVARI)","Boston, MA",N/A,https://www.linkedin.com/jobs/view/data-scientist-at-boston-va-research-institute-inc-bvari-4035268850?position=37&pageNum=0&refId=4UpR2CpOdWvZbbvFbzPMag%3D%3D&trackingId=V1H6c04i%2FTPQ3%2Fygph9rZA%3D%3D
Data Scientist (Remote),Elder Research,United States,N/A,https://www.linkedin.com/jobs/view/data-scientist-remote-at-elder-research-4039894664?position=38&pageNum=0&refId=4UpR2CpOdWvZbbvFbzPMag%3D%3D&trackingId=c8SQxfErjCuVKEHRCPWmlA%3D%3D
Data Scientist Co-Op (January - June 2025),Cohere Health,United States,"Company OverviewCohere Health is a fast-growing clinical intelligence company that‚Äôs improving lives at scale by promoting the best patient-specific care options, using leading edge AI combined with deep clinical expertise. In only four years our solutions have been adopted by health insurance plans covering over 15 million people, while our revenues and company size have quadrupled. That growth combined with capital raises totaling $106M positions us extremely well for continued success. Our awards include: 2023 and 2024 BuiltIn Best Place to Work, Top 5 LinkedIn‚Ñ¢ Startup, TripleTree iAward, multiple KLAS Research Points of Light, along with recognition on Fierce Healthcare's Fierce 15 and CB Insights' Digital Health 150 lists.Opportunity OverviewWe are looking for innovative and creative individuals who seize opportunities to uncover hidden drivers, impacts, and key influences to support our product, leadership and clinical teams by applying optimization and statistical methods on a variety of data. You will work closely with experienced data scientists, cross functional teams with clinical programs and products to support decision-making and will dig into a wide range of strategic and clinical problems.As a growing organization, we have built a team of talented and experienced people who are passionate about helping providers and patients and this is a position that offers the ability to make a substantial impact on the company with rapid growth opportunities.Last but not least: People who succeed here are empathetic teammates who are candid, kind, caring, and embody our core values and principles. We believe that diverse, inclusive teams make the most impactful work. Cohere is deeply invested in ensuring that we have a supportive, growth-oriented environment that works for everyone.What You Will DoPlay a key role in gathering business requirements, using them for product analysis and uncovering actionable insights, and writing technical requirements; using a variety of analytic toolsPerform in-depth analysis of healthcare data coupled with data from product and other sources to independently design, develop, and deliver analytic deliverables that meet quality, cost and service objectivesLeveraging data from various sources, e.g., eligibility, medical, pharmacy claims, and data submitted by providers via the prior authorization process, working with Clinical Programs to analyze and simulate expected impact and ROI, e.g., medical expense, administrative cost, improved quality and outcomesPresent information using data visualization techniques and propose solutions and strategies to business challengesYour Background & RequirementsCurrently pursuing a Master's or PhD in Statistics, Economics, Computer Science, Mathematics, or another quantitative fieldPassionate about improving the U.S. healthcare system and helping ensure every patient receives the best care possibleSelf-starter, able to work independently, able to succeed in a fast-paced, high intensity start-up environmentKnowledge of programming languages (Python, R, PySpark, Scala and/or Spark SQL)Knowledge of data visualization tools such as TableauStrong interest and understanding of EMR data, Claims and SDOH dataAbility to switch between focusing on technical details and larger picture concepts depending on your audienceThe compensation rate for this position is $30/hour. We can‚Äôt wait to learn more about you and meet you at Cohere Health!Equal Opportunity StatementCohere Health is an Equal Opportunity Employer. We are committed to fostering an environment of mutual respect where equal employment opportunities are available to all. To us, it‚Äôs personal.#BI-Remote",https://www.linkedin.com/jobs/view/data-scientist-co-op-january-june-2025-at-cohere-health-4048943806?position=39&pageNum=0&refId=4UpR2CpOdWvZbbvFbzPMag%3D%3D&trackingId=akT2GWSEVrFMEVq3Rei9ww%3D%3D
Data Scientist,Digital Janet,United States,N/A,https://www.linkedin.com/jobs/view/data-scientist-at-digital-janet-4036858865?position=40&pageNum=0&refId=4UpR2CpOdWvZbbvFbzPMag%3D%3D&trackingId=Kf6%2BSG96%2FtgD%2FOZIbd2DEQ%3D%3D
Data Scientist - All Levels,Interclypse,"Reston, VA",N/A,https://www.linkedin.com/jobs/view/data-scientist-all-levels-at-interclypse-4039889854?position=41&pageNum=0&refId=4UpR2CpOdWvZbbvFbzPMag%3D%3D&trackingId=H3Mz28M68XcpHynnC9Kmsg%3D%3D
NLP / Machine Learning Engineer,Syren Cloud Inc,"Raritan, NJ",N/A,https://www.linkedin.com/jobs/view/nlp-machine-learning-engineer-at-syren-cloud-inc-4039081732?position=42&pageNum=0&refId=4UpR2CpOdWvZbbvFbzPMag%3D%3D&trackingId=QuUUQkUh41dd4Lg2B%2FqJ4w%3D%3D
Data Scientist - All Levels,Interclypse,"San Antonio, TX",N/A,https://www.linkedin.com/jobs/view/data-scientist-all-levels-at-interclypse-4039890740?position=43&pageNum=0&refId=4UpR2CpOdWvZbbvFbzPMag%3D%3D&trackingId=nGeb0Jaow2%2BHZAlBtDSXgQ%3D%3D
ML Data Scientist,"NasTech Global, Inc.,","Plano, TX",N/A,https://www.linkedin.com/jobs/view/ml-data-scientist-at-nastech-global-inc-4044972642?position=44&pageNum=0&refId=4UpR2CpOdWvZbbvFbzPMag%3D%3D&trackingId=z7Y5FQhtaTqXH9Lw9575Yw%3D%3D
Data Scientist,AltScore,United States,N/A,https://www.linkedin.com/jobs/view/data-scientist-at-altscore-4042192322?position=45&pageNum=0&refId=4UpR2CpOdWvZbbvFbzPMag%3D%3D&trackingId=EMuI8irMuGDhWEiLvmafEw%3D%3D
"Data Scientist, Product Analytics",Meta,"San Francisco, CA",N/A,https://www.linkedin.com/jobs/view/data-scientist-product-analytics-at-meta-4040362970?position=46&pageNum=0&refId=4UpR2CpOdWvZbbvFbzPMag%3D%3D&trackingId=lCDYXadzWkAs%2BFVe5%2FHdig%3D%3D
Data Scientist,Microsoft,"Redmond, WA",N/A,https://www.linkedin.com/jobs/view/data-scientist-at-microsoft-4039267564?position=47&pageNum=0&refId=4UpR2CpOdWvZbbvFbzPMag%3D%3D&trackingId=wnO2VzCyF%2Fp%2F3cJcF5Vb7g%3D%3D
Data Scientist Internship/Co-op,Zoox,"Foster City, CA",N/A,https://www.linkedin.com/jobs/view/data-scientist-internship-co-op-at-zoox-4045429557?position=48&pageNum=0&refId=4UpR2CpOdWvZbbvFbzPMag%3D%3D&trackingId=KvcWBvu5MNWo1uwaHKKLnw%3D%3D
Principal Data Scientist,Cint,"New York, NY",N/A,https://www.linkedin.com/jobs/view/principal-data-scientist-at-cint-4042560807?position=49&pageNum=0&refId=4UpR2CpOdWvZbbvFbzPMag%3D%3D&trackingId=4n8YPy0pahCgwS3AuK0MVg%3D%3D
Data Scientist,Augment Jobs,"New York, NY",N/A,https://www.linkedin.com/jobs/view/data-scientist-at-augment-jobs-4046612811?position=50&pageNum=0&refId=4UpR2CpOdWvZbbvFbzPMag%3D%3D&trackingId=EHNH9LKNvVXGhQR%2FL4Bpng%3D%3D
Data Scientist - Financial Data & Insights,Spotify,"New York, NY","We are looking for a Data Scientist to join our Process Automation and Analytics team within the Finance Data & Insights organization. Your responsibility will be to support the Finance, Accounting and Legal organizations through data analytics, process automation, technical guidance, and other ad-hoc reporting.What You'll DoWork with a cross-functional team of data scientists, engineers, and functional stakeholders to develop and maintain systems and processes to support Legal, Finance, and AccountingGain and deploy a deep understanding of the Spotify data ecosystem to support operational data requirements for legal requestsPartner with engineering teams to gather requirements and generate outputs for technically complex mattersWork with large data sets, solving complex problems in a fast-paced and dynamic environmentDrive process efficiencies through automation and delivery of data pipelines to enable self-service reporting and analyticsWork in an environment with a group of highly motivated individuals who are passionate about Spotify‚Äôs successWho You Are2+ years of relevant work experience in financial and/or legal data analysis You have a degree in computer science, information systems, mathematics, statistics, or another quantitative disciplineYou are skilled at using SQL and Python; experience using other analytic tools (e.g. R, BigQuery) and visualization tools (e.g. Tableau) is a plusYou have a passion for solving complex problems through data analysis combined with a strong intuition for businessYou have the ability to connect with both technical and non-technical teams to understand problems and articulate proposed solutionsYou can formulate meaningful conclusions from your analysis or investigations that inform business decisionsYou have experience performing testing and validation of datasets and outputs crafted by other teams or members of your teamYou have experience performing analysis over large and complex data setsWhere You'll BeHybrid role based in our New York offices (average 2 to 3 days a week required)Working hours? We operate within the Eastern time zone for collaborationThe United States base range for this position is $86,691.00 - 123,844.00 plus equity. The benefits available for this position include health insurance, six month paid parental leave, 401(k) retirement plan, 23 paid days off, 13 paid flexible holidays, paid sick leave. This range encompasses multiple levels. Leveling is determined during the interview process. Placement in a level depends on relevant work history and interview performance.#JobSite-Sub-DataScience#HireRight NYC Phase 1 Education/Employment Package#HireRight NYC Phase 2 Criminal Components Package#JobSite-Main-DataResearchAndInsightsToday, we are the world‚Äôs most popular audio streaming subscription service.",https://www.linkedin.com/jobs/view/data-scientist-financial-data-insights-at-spotify-4046272649?position=51&pageNum=0&refId=4UpR2CpOdWvZbbvFbzPMag%3D%3D&trackingId=kGAxZaTtb22fgRR%2BWF2Tsg%3D%3D
Data Scientist,G2O,"Columbus, Ohio Metropolitan Area","We‚Äôre passionate about designing and delivering top-notch digital experiences for our clients ‚Äî and their customers ‚Äî and helping them create efficiencies using data and technology. But what‚Äôs most important about us is that we have a diverse team of experts all dedicated to getting clients from goals to outcomes ‚Äî and that‚Äôs where you come in.Job Summary:As an expert on the Data Science team, a data scientist is responsible for data mining, building predictive models, & driving the construction of data products. We use data to solve problems across a wide range of verticals, from retail to government services to financial services. We are looking for an individual that can help our client identify fraud through pattern of regions and/or specific shops where fraud is occurring. Fraud experience is preferred but not required. This position will work closely with our business partners ensuring solutions meet business objectives and provide high contextual value.Position Overview:Senior Data Scientist will lead reviews and conduct analysis using SnowflakeExperience with a blend of up front data analyst work, with data scientist chops to start building predictive modelsAbility to build propensity models for customersProficiency with Python and RFraud experience is preferred but not requiredQualifications:Masters or PhD in a field that includes the study of statisticsAt least 3 years of experience in a Data Scientist position and at least 12 years of professional work experienceExperience working in client-facing rolesSenior Data Scientist experienceSnowflakeBig QueryPredictive ModelingPropensity ModelingAdvanced AnalyticsAIMore about g2o:We‚Äôre different than other companies at g2o. We blend the research and design, technology, and data expertise to deliver the solutions our clients crave ‚Äî and we do all of this as one in-houseteam, from vision to execution. We‚Äôre also the largest company of our kind based in Ohio to do this ‚Äî and have been evolving how we do it for 40 years.Individually, we bring a wealth of experience from diverse backgrounds ‚Äî personally and in business. We‚Äôre a diverse and passionate team of leaders and experts in technology, data,analytics, design, content, and more. But we think we‚Äôre best when we put our minds together. Each person brings something distinct to our team ‚Äî some unique flavor to their background or their experience. That makes for stronger collaboration ‚Äî and elevates the outcomes for our clients.Are you ready to collaborate to greatness with us?Learn more at g2o.com/careers",https://www.linkedin.com/jobs/view/data-scientist-at-g2o-4040730295?position=52&pageNum=0&refId=4UpR2CpOdWvZbbvFbzPMag%3D%3D&trackingId=Cuk%2BE%2B2dH%2ByexZKvJ7ffxg%3D%3D
Junior-level Data Scientist (SECRET CLEARANCE),VivSoft,"Washington, DC",N/A,https://www.linkedin.com/jobs/view/junior-level-data-scientist-secret-clearance-at-vivsoft-4041467771?position=53&pageNum=0&refId=4UpR2CpOdWvZbbvFbzPMag%3D%3D&trackingId=COVAfhKKg0Nf4ZOTJapwSA%3D%3D
Data Scientist,Syntricate Technologies,"Dallas, TX",N/A,https://www.linkedin.com/jobs/view/data-scientist-at-syntricate-technologies-3905169546?position=54&pageNum=0&refId=4UpR2CpOdWvZbbvFbzPMag%3D%3D&trackingId=Z5kF6qe%2BEQsZgyYHmKS%2Fpw%3D%3D
Machine Learning Engineer,Cantor Fitzgerald,"New York, NY","Qualifications  Bachelor's degree in a technical subject (e.g. computer science, machine learning, mathematics, physics, statistics, econometrics), or equivalent experienceAbility to write code fluently in at least one programming language, preferably PythonKnowledge of mathematics, statistics and machine learning concepts needed to properly train and evaluate production models and understand research papersAbility to communicate technical ideas effectively and work with business partnersEntrepreneurial mindset and strong interest in using LLMs and classical machine learning techniques to help drive a multi-billion dollar business2+ years experience in a machine learning, data engineering or software engineering team Nice To HaveFamiliarity with deploying and managing containerized applications in an AWS and/or Azure environmentFamiliarity with Infrastructure as Code (Terraform) and CI/CDExperience building RESTful APIs (preferably in Flask, FastAPI, or other Python frameworks)Experience building data pipelines to feed ML modelsKnowledge of Python ML/data/math libraries such as PyTorch, numpy and pandasThe expected base salary for this position ranges from $ 175,000 to $ 250,000. The actual base salary will be determined on an individualized basis taking into account a wide range of factors including, but not limited to, relevant skills, experience, education, and, where applicable, licenses or certifications held. In addition to base salary and a competitive benefits package, this position may be eligible for additional types of compensation including discretionary bonuses and other short- and long-term incentives (e.g., deferred cash, equity, etc.).",https://www.linkedin.com/jobs/view/machine-learning-engineer-at-cantor-fitzgerald-4048102010?position=55&pageNum=0&refId=4UpR2CpOdWvZbbvFbzPMag%3D%3D&trackingId=50u%2Bdx0hZKThmxrf9eDhdA%3D%3D
Data Scientist,IT Associates,"Rosemont, IL",N/A,https://www.linkedin.com/jobs/view/data-scientist-at-it-associates-4041203255?position=56&pageNum=0&refId=4UpR2CpOdWvZbbvFbzPMag%3D%3D&trackingId=MT6M4bxZDRUm3bGRaNzRCQ%3D%3D
Data Scientists Modeling,KYYBA Inc,"Dearborn, MI","Job DescriptionSkills Preferred: N/AExperience Required:2+ years of experience in statistical analysis and modeling, developing and delivering projects in Google Cloud Platform (GCP), using SQL to extract, clean, and transform data in large, complex, nested databases, doing research, analysis, data science or solution developmentExperience Preferred:Experience in the automotive industryEducation Required:Bachelor‚Äôs degree in Data Science, Statistics, Applied Mathematics or related fieldEducation Preferred:Masters degree in Data Science, Statistics, Applied Mathematics or related fieldAbout Kyyba:Founded in 1998 and headquartered in Farmington Hills, MI, Kyyba has a global presence delivering high-quality resources and top-notch recruiting services, enabling businesses to effectively respond to organizational changes and technological advances.At Kyyba, the overall well-being of our employees and their families is important to us. We are proud of our work culture which embodies our core values; incorporating value, passion, excellence, empowerment, and happiness, creates a vibrant and productive atmosphere. We empower our employees with the resources, incentives, and flexibility that they need to support a healthy, balanced, and fulfilling career by providing many valuable benefits and a balanced compensation structure combined with career development.Disclaimer: Kyyba is an Equal Opportunity Employer. Kyyba does not discriminate on the basis of race, religion, color, sex, gender identity, sexual orientation, age, non-disqualifying physical or mental disability, national origin, veteran status or any other basis covered by appropriate law. Minorities / Females / Protected Veterans /Veteran Spouses/ Individuals with Disabilities are encouraged to apply. All employment is decided on the basis of qualifications, merit, and business need.‚ÄùRewards:Medical, dental, vision401kTerm lifeVoluntary life and disability insuranceOptional Pre-paid legal planOptional Identity theft planOptional Medical and dependent FSAWork-visa sponsorshipOpportunity for advancementLong-term assignment with opportunity for hire by clientSELECT AWARDSAn INC 5000 company for 10 yearsCorp! Michigan Economic Bright Spots Crain‚Äôs Detroit Business Top Staffing Service Companies in DetroitTechServe Alliance Excellence Award- IT and Engineering Staffing & SolutionsBest of MichBusiness winner in HR Wizards & PartnershipsMetro Detroit Elite Category: Recruitment, Selection & Orientation for 101 Best & Brightest101 Best & Brightest Companies to Work for in Michigan",https://www.linkedin.com/jobs/view/data-scientists-modeling-at-kyyba-inc-4035619411?position=57&pageNum=0&refId=4UpR2CpOdWvZbbvFbzPMag%3D%3D&trackingId=z6tv%2FRf39WB9sxTcd7wyWQ%3D%3D
Data Scientist,Inspire,"Atlanta, GA",N/A,https://www.linkedin.com/jobs/view/data-scientist-at-inspire-4044938431?position=58&pageNum=0&refId=4UpR2CpOdWvZbbvFbzPMag%3D%3D&trackingId=VV7G5MtSuzh5CkexQ7TECQ%3D%3D
Senior Data Scientist - Inference & Algorithms,LinkedIn,"Sunnyvale, CA",N/A,https://www.linkedin.com/jobs/view/senior-data-scientist-inference-algorithms-at-linkedin-4039097547?position=59&pageNum=0&refId=4UpR2CpOdWvZbbvFbzPMag%3D%3D&trackingId=2SP4tieOVsy8kRingXrhdg%3D%3D
"Data Scientist, Marketing Strategy & Insights",10x Genomics,"Pleasanton, CA",N/A,https://www.linkedin.com/jobs/view/data-scientist-marketing-strategy-insights-at-10x-genomics-4048767307?position=60&pageNum=0&refId=4UpR2CpOdWvZbbvFbzPMag%3D%3D&trackingId=X9on56xh3e%2BreVpjlQr2Sw%3D%3D
